symptomes,disease
"Diarrhea,Bloating,Vomiting",Severe allergic reaction
"Diarrhea,Bloating,Vomiting,Stomach pain",Common cold
"Diarrhea,Bloating,Vomiting,Stomach pain",Chronic sinusitis
"Diarrhea,Bloating,Vomiting,Stomach pain",Hay fever
"Diarrhea,Bloating,Vomiting,Stomach pain",Viral gastroenteritis
"Diarrhea,Bloating,Vomiting,Stomach pain",Asthma exacerbation
"Diarrhea,Bloating,Vomiting,Stomach pain",Ulcerative colitis flare-up
"Diarrhea,Bloating,Vomiting,Stomach pain",Chronic obstructive pulmonary disease
"Diarrhea,Bloating,Vomiting,Stomach pain",Nasal polyps
"Diarrhea,Bloating,Vomiting,Stomach pain",Asthma
"Diarrhea,Bloating,Vomiting,Stomach pain",Benign paroxysmal positional vertigo
"Diarrhea,Bloating,Vomiting,Stomach pain",Pulmonary embolism
"Diarrhea,Bloating,Vomiting,Stomach pain",Bacterial gastroenteritis
"Diarrhea,Bloating,Vomiting,Stomach pain",Celiac disease
"Diarrhea,Bloating,Vomiting,Stomach pain",M ni re's disease
"Diarrhea,Bloating,Vomiting,Stomach pain",Crohn's disease
"Diarrhea,Bloating,Vomiting,Stomach pain",Food poisoning
"Diarrhea,Bloating,Vomiting,Stomach pain",Bacterial meningitis
"Diarrhea,Bloating,Vomiting,Stomach pain",Acute viral sinusitis
"Diarrhea,Bloating,Vomiting,Stomach pain",Acute bacterial sinusitis
"Diarrhea,Stomach pain",Heart attack
"Diarrhea,Stomach pain",Depression
"Diarrhea,Stomach pain",Migraine
"Diarrhea,Stomach pain",Chronic sinusitis
"Diarrhea,Stomach pain",Tension-type headaches
"Diarrhea,Stomach pain",Labour
"Diarrhea,Stomach pain",Acute streptococcal pharyngitis
"Diarrhea,Stomach pain",Acute viral sinusitis
"Diarrhea,Stomach pain",Colitis ulcerosa
"Diarrhea,Stomach pain",Asthma exacerbation
"Diarrhea,Stomach pain",Reflex syncope
"Diarrhea,Stomach pain",Viral gastroenteritis
"Diarrhea,Stomach pain",Severe hypoglycemia
"Diarrhea,Stomach pain",Ulcerative colitis flare-up
"Diarrhea,Stomach pain",Irritable bowel syndrome
"Diarrhea,Stomach pain",Hypotension
"Diarrhea,Stomach pain",Colon cancer
"Diarrhea,Stomach pain",Common cold
"Diarrhea,Stomach pain",Crohn's disease flare-up
"Diarrhea,Stomach pain",Pulmonary embolism
"Diarrhea,Stomach pain",Pneumonia
"Diarrhea,Stomach pain",COVID-19
"Diarrhea,Stomach pain,Bloating",Gastritis
"Diarrhea,Stomach pain,Bloating",Heart attack
"Diarrhea,Stomach pain,Bloating",Ulcerative colitis flare-up
"Diarrhea,Stomach pain,Bloating",Migraine
"Diarrhea,Stomach pain,Bloating",Bacterial gastroenteritis
"Diarrhea,Stomach pain,Bloating",Common cold
"Diarrhea,Stomach pain,Bloating",COVID-19
"Diarrhea,Stomach pain,Bloating",Food poisoning
"Diarrhea,Stomach pain,Bloating",Reflex syncope
"Diarrhea,Stomach pain,Bloating",Chronic sinusitis
"Diarrhea,Stomach pain,Bloating",Benign paroxysmal positional vertigo
"Diarrhea,Stomach pain,Bloating",Asthma exacerbation
"Diarrhea,Stomach pain,Bloating",Crohn's disease flare-up
"Diarrhea,Stomach pain,Bloating",Chronic obstructive pulmonary disease
"Diarrhea,Stomach pain,Bloating",Viral gastroenteritis
"Diarrhea,Stomach pain,Bloating",Asthma
"Diarrhea,Stomach pain,Bloating,Vomiting",Pulmonary tuberculosis
"Diarrhea,Stomach pain,Bloating,Vomiting",Nasal polyps
"Diarrhea,Stomach pain,Bloating,Vomiting",Pulmonary embolism
"Diarrhea,Stomach pain,Bloating,Vomiting",Acute viral sinusitis
"Diarrhea,Stomach pain,Bloating,Vomiting",Acute streptococcal pharyngitis
"Diarrhea,Stomach pain,Bloating,Vomiting",Acute bacterial sinusitis
"Diarrhea,Stomach pain,Bloating,Vomiting",Indigestion
"Diarrhea,Stomach pain,Bloating,Vomiting",Lactose intolerance
"Diarrhea,Stomach pain,Bloating,Vomiting",Severe allergic reaction
"Diarrhea,Stomach pain,Bloating,Vomiting",Broken collarbone
"Diarrhea,Stomach pain,Bloating,Vomiting",Pulmonary edema
"Diarrhea,Stomach pain,Bloating,Vomiting",Viral gastroenteritis
"Diarrhea,Stomach pain,Bloating,Vomiting",Gastritis
"Diarrhea,Stomach pain,Bloating,Vomiting",Bacterial gastroenteritis
"Diarrhea,Stomach pain,Bloating,Vomiting",Migraine
"Diarrhea,Stomach pain,Bloating,Vomiting",Chronic obstructive pulmonary disease exacerbation
"Diarrhea,Stomach pain,Bloating,Vomiting",Hay fever
"Diarrhea,Stomach pain,Bloating,Vomiting",Chronic obstructive pulmonary disease
"Diarrhea,Stomach pain,Bloating,Vomiting",Chronic sinusitis
"Diarrhea,Stomach pain,Bloating,Vomiting",Hypertensive crisis
"Diarrhea,Stomach pain,Bloating,Vomiting",Diabetic ketoacidosis
"Diarrhea,Stomach pain,Vomiting",Tension-type headaches
"Diarrhea,Stomach pain,Vomiting",Pneumonia
"Diarrhea,Stomach pain,Vomiting",Colon cancer
"Diarrhea,Stomach pain,Vomiting",Indigestion
"Diarrhea,Stomach pain,Vomiting",Asthma exacerbation
"Diarrhea,Stomach pain,Vomiting",Severe hypoglycemia
"Diarrhea,Stomach pain,Vomiting",Epilepsy with loss of consciousness
"Diarrhea,Stomach pain,Vomiting",COVID-19
"Diarrhea,Stomach pain,Vomiting",Nasal polyps
"Diarrhea,Stomach pain,Vomiting",Heart attack
"Diarrhea,Stomach pain,Vomiting",Common cold
"Diarrhea,Stomach pain,Vomiting",Chronic sinusitis
"Diarrhea,Stomach pain,Vomiting",Reflex syncope
"Diarrhea,Stomach pain,Vomiting",Viral gastroenteritis
"Diarrhea,Stomach pain,Vomiting",Antibiotic associated diarrhea
"Diarrhea,Stomach pain,Vomiting",Hay fever
"Diarrhea,Stomach pain,Vomiting,Bloating",Crohn's disease flare-up
"Diarrhea,Stomach pain,Vomiting,Bloating",Acute streptococcal pharyngitis
"Diarrhea,Stomach pain,Vomiting,Bloating",Acute viral sinusitis
"Diarrhea,Stomach pain,Vomiting,Bloating",Asthma
"Diarrhea,Stomach pain,Vomiting,Bloating",Tension-type headaches
"Diarrhea,Stomach pain,Vomiting,Bloating",Viral gastroenteritis
"Diarrhea,Stomach pain,Vomiting,Bloating",Common cold
"Diarrhea,Stomach pain,Vomiting,Bloating",Severe allergic reaction
"Diarrhea,Stomach pain,Vomiting,Bloating",Chronic obstructive pulmonary disease
"Diarrhea,Stomach pain,Vomiting,Bloating",Pneumonia
"Diarrhea,Stomach pain,Vomiting,Bloating",Major wound
"Diarrhea,Stomach pain,Vomiting,Bloating",Chronic sinusitis
"Diarrhea,Stomach pain,Vomiting,Bloating",Gastritis
"Diarrhea,Vomiting",Acute viral sinusitis
"Diarrhea,Vomiting",Pneumonia
"Diarrhea,Vomiting",Broken collarbone
"Diarrhea,Vomiting",Asthma
"Diarrhea,Vomiting",Food poisoning
"Diarrhea,Vomiting",Chronic intestinal ischemia
"Diarrhea,Vomiting",Lactose intolerance
"Diarrhea,Vomiting",Viral gastroenteritis
"Diarrhea,Vomiting",Ulcerative colitis flare-up
"Diarrhea,Vomiting",Tension-type headaches
"Diarrhea,Vomiting",Migraine
"Diarrhea,Vomiting",Asthma exacerbation
"Diarrhea,Vomiting",Acute bacterial sinusitis
"Diarrhea,Vomiting",Hay fever
"Diarrhea,Vomiting",Heart valve disease
"Diarrhea,Vomiting",COVID-19
"Diarrhea,Vomiting",Irritable bowel syndrome
"Diarrhea,Vomiting",Bacterial gastroenteritis
"Diarrhea,Vomiting",Benign paroxysmal positional vertigo
"Diarrhea,Vomiting",Chronic obstructive pulmonary disease
"Diarrhea,Vomiting",Chronic sinusitis
"Diarrhea,Vomiting,Bloating",Pneumonia
"Diarrhea,Vomiting,Bloating",Hay fever
"Diarrhea,Vomiting,Bloating",Chronic sinusitis
"Diarrhea,Vomiting,Bloating",Acute viral sinusitis
"Diarrhea,Vomiting,Bloating",Colon cancer
"Diarrhea,Vomiting,Bloating",Irritable bowel syndrome
"Diarrhea,Vomiting,Bloating",Electrical injury
"Diarrhea,Vomiting,Bloating",Lactose intolerance
"Diarrhea,Vomiting,Bloating,Stomach pain",Irritable bowel syndrome
"Diarrhea,Vomiting,Bloating,Stomach pain",Acute viral sinusitis
"Diarrhea,Vomiting,Bloating,Stomach pain",Severe hypoglycemia
"Diarrhea,Vomiting,Bloating,Stomach pain",Ulcerative colitis flare-up
"Diarrhea,Vomiting,Bloating,Stomach pain",Teeth grinding
"Diarrhea,Vomiting,Bloating,Stomach pain",COVID-19
"Diarrhea,Vomiting,Bloating,Stomach pain",Bacterial gastroenteritis
"Diarrhea,Vomiting,Bloating,Stomach pain",High blood pressure
"Diarrhea,Vomiting,Bloating,Stomach pain",Asthma exacerbation
"Diarrhea,Vomiting,Bloating,Stomach pain",Migraine
"Diarrhea,Vomiting,Bloating,Stomach pain",Pulmonary edema
"Diarrhea,Vomiting,Bloating,Stomach pain",Tension-type headaches
"Diarrhea,Vomiting,Bloating,Stomach pain",Hay fever
"Diarrhea,Vomiting,Bloating,Stomach pain",Gastritis
"Diarrhea,Vomiting,Bloating,Stomach pain",Viral gastroenteritis
"Diarrhea,Vomiting,Bloating,Stomach pain",Pneumothorax
"Diarrhea,Vomiting,Bloating,Stomach pain",Neck strain
"Diarrhea,Vomiting,Bloating,Stomach pain",Heart attack
"Diarrhea,Vomiting,Bloating,Stomach pain",Common cold
"Diarrhea,Vomiting,Stomach pain",High blood pressure
"Diarrhea,Vomiting,Stomach pain",Viral gastroenteritis
"Diarrhea,Vomiting,Stomach pain",Severe allergic reaction
"Diarrhea,Vomiting,Stomach pain",Acute bronchitis
"Diarrhea,Vomiting,Stomach pain",Pulmonary edema
"Diarrhea,Vomiting,Stomach pain",COVID-19
"Diarrhea,Vomiting,Stomach pain",Asthma
"Diarrhea,Vomiting,Stomach pain",Teeth grinding
"Diarrhea,Vomiting,Stomach pain",Pulmonary tuberculosis
"Diarrhea,Vomiting,Stomach pain",Pulmonary embolism
"Diarrhea,Vomiting,Stomach pain",Chronic sinusitis
"Diarrhea,Vomiting,Stomach pain",Mild hypoglycemia
"Diarrhea,Vomiting,Stomach pain",Arrhythmia with fast heart rate
"Diarrhea,Vomiting,Stomach pain",Irritable bowel syndrome
"Diarrhea,Vomiting,Stomach pain",Hay fever
"Diarrhea,Vomiting,Stomach pain",Asthma exacerbation
"Diarrhea,Vomiting,Stomach pain",Bacterial gastroenteritis
"Diarrhea,Vomiting,Stomach pain",Pneumonia
"Diarrhea,Vomiting,Stomach pain,Bloating",Pneumonia
"Diarrhea,Vomiting,Stomach pain,Bloating",Acute viral sinusitis
"Diarrhea,Vomiting,Stomach pain,Bloating",Chronic sinusitis
"Diarrhea,Vomiting,Stomach pain,Bloating",Chronic obstructive pulmonary disease
"Diarrhea,Vomiting,Stomach pain,Bloating",Gastritis
"Diarrhea,Vomiting,Stomach pain,Bloating",Crohn's disease flare-up
"Diarrhea,Vomiting,Stomach pain,Bloating",Whiplash injury
"Diarrhea,Vomiting,Stomach pain,Bloating",Viral gastroenteritis
"Diarrhea,Vomiting,Stomach pain,Bloating",Mild hypoglycemia
"Diarrhea,Vomiting,Stomach pain,Bloating",Common cold
"Diarrhea,Vomiting,Stomach pain,Bloating",Subarachnoid intracranial hemorrhage
"Diarrhea,Vomiting,Stomach pain,Bloating",Bacterial gastroenteritis
Dizzy,Broken shoulder bone
Dizzy,Nasal polyps
Dizzy,Colitis ulcerosa
Dizzy,Irritable bowel syndrome
Dizzy,Dengue
Dizzy,Asthma exacerbation
Dizzy,Severe hypoglycemia
Dizzy,Gastritis
Dizzy,Degenerative disc disease of the lumbar and sacral spine
Dizzy,Chronic obstructive pulmonary disease exacerbation
Dizzy,M ni re's disease
Dizzy,Acute bronchitis
Dizzy,Electrical injury
Dizzy,Epilepsy with loss of consciousness
Dizzy,Dislocated ankle
Dizzy,Tension-type headaches
Dizzy,Diabetic retinopathy
Dizzy,Asthma
Dizzy,Hypotension
Dizzy,Chronic obstructive pulmonary disease
Dizzy,Muscle fever
Dizzy,Acute kidney failure
Dizzy,Crohn's disease flare-up
Dizzy,Acute bacterial sinusitis
Dizzy,Severe allergic reaction
Dizzy,Pneumothorax
Dizzy,Acute HIV infection
Dizzy,Pneumonia
Dizzy,Cholestasis
Dizzy,Hepatitis C
Dizzy,Baker's cyst of knee
Dizzy,Mild hypoglycemia
Dizzy,Costochondritis
Dizzy,Labour
Dizzy,Stable angina pectoris
Dizzy,Broken forearm
Dizzy,Chronic sinusitis
Dizzy,Burn
Dizzy,Psoriatic arthritis
Dizzy,Rheumatoid arthritis
Dizzy,Bone infection
Dizzy,Prostatitis
Dizzy,Lactose intolerance
Dizzy,Pulmonary embolism
Dizzy,Bacterial meningitis
Dizzy,Uveitis
Dizzy,Malaria
Dizzy,Wrist and hand contusion
Dizzy,Corneal ulceration
Dizzy,Unspecific vomiting
Dizzy,Abdominal aortic aneurysm
Dizzy,Insecticide poisoning
Dizzy,Food allergy
Dizzy,Allergic bronchopulmonary aspergillosis
Dizzy,Dry eye syndrome
Dizzy,Agoraphobia
Dizzy,Arrhythmia with fast heart rate
Dizzy,Migraine
Dizzy,Broken rib
Dizzy,Chest contusion
Dizzy,Hand osteoarthritis
Dizzy,Clostridium difficile-associated disease
Dizzy,Hemorrhagic stroke
Dizzy,Small intestinal bacterial overgrowth
Dizzy,Colon cancer
Dizzy,Cluster headaches
Dizzy,Dehydration
Dizzy,Antibiotic associated diarrhea
Dizzy,Benign paroxysmal positional vertigo
Dizzy,Familial nonhemolytic jaundice
Dizzy,Concussion
Dizzy,Depression
Dizzy,Hypertensive encephalopathy
Dizzy,Pulmonary tuberculosis
Dizzy,Food poisoning
Dizzy,COVID-19
Dizzy,Bladder infection
Dizzy,Peritonitis
Dizzy,Major wound
Dizzy,Compression fracture of the spine
Dizzy,Trigeminal neuralgia
Dizzy,Cardiac tamponade
Dizzy,Acute streptococcal pharyngitis
Dizzy,Degenerative disc disease of the thoracic spine
Dizzy,Common cold
Dizzy,Indigestion
Dizzy,Bacterial gastroenteritis
Dizzy,Viral gastroenteritis
Dizzy,Benign prostatic hyperplasia
Dizzy,Hay fever
Dizzy,Ulcerative colitis flare-up
Dizzy,High blood pressure
Dizzy,Diabetes mellitus type 2
Dizzy,Acute viral sinusitis
Dizzy,Teeth grinding
Dizzy,Pulmonary edema
Dizzy,Diabetic ketoacidosis
Dizzy,Knee osteoarthritis
Dizzy,Crohn's disease
Dizzy,Neck strain
Dizzy,Subarachnoid intracranial hemorrhage
Dizzy,Hyperthyroidism
Dizzy,General anxiety disorder
Dizzy,Addison's disease
Dizzy,Heart attack
"Dizzy,Headache",Viral gastroenteritis
"Dizzy,Headache",Idiopathic pulmonary fibrosis
"Dizzy,Headache",Migraine
"Dizzy,Headache",Pneumonia
"Dizzy,Headache",Peptic ulcer disease
"Dizzy,Headache",Common cold
"Dizzy,Headache",Minor wound
"Dizzy,Headache",Depression
"Dizzy,Headache",COVID-19
"Dizzy,Headache",Chronic obstructive pulmonary disease
"Dizzy,Headache",Gastritis
"Dizzy,Headache",Crohn's disease flare-up
"Dizzy,Headache",Severe allergic reaction
"Dizzy,Headache",Ulcerative colitis flare-up
"Dizzy,Headache",Bacterial gastroenteritis
"Dizzy,Headache",Acute viral sinusitis
"Dizzy,Headache",Broken calf bones
"Dizzy,Headache",Food allergy
"Dizzy,Headache",Hay fever
"Dizzy,Headache",Asthma exacerbation
"Dizzy,Headache",Nasal polyps
"Dizzy,Headache",Broken collarbone
"Dizzy,Headache",Intestinal obstruction
"Dizzy,Headache",Food poisoning
"Dizzy,Headache",Pulmonary edema
"Dizzy,Headache",Costochondritis
"Dizzy,Headache",Heart attack
"Dizzy,Headache",M ni re's disease
"Dizzy,Headache",Torsion of ovary
"Dizzy,Headache",Irritable bowel syndrome
"Dizzy,Headache",Severe arrhythmia with slow heart rate
"Dizzy,Headache",Chronic sinusitis
"Dizzy,Headache",Pulmonary embolism
"Dizzy,Headache",Colitis ulcerosa
"Dizzy,Headache",Acute bacterial sinusitis
"Dizzy,Headache",Reflex syncope
"Dizzy,Headache,Sinus pain",Acute viral sinusitis
"Dizzy,Headache,Sinus pain",Hay fever
"Dizzy,Headache,Sinus pain",Pulmonary embolism
"Dizzy,Headache,Sinus pain",Dehydration
"Dizzy,Headache,Sinus pain",Pneumonia
"Dizzy,Headache,Sinus pain",Pulmonary edema
"Dizzy,Headache,Sinus pain",Gastritis
"Dizzy,Headache,Sinus pain",Trigeminal neuralgia
"Dizzy,Headache,Sinus pain",Irritable bowel syndrome
"Dizzy,Headache,Sinus pain",Chronic obstructive pulmonary disease
"Dizzy,Headache,Sinus pain",Broken forearm
"Dizzy,Headache,Sinus pain",Pneumothorax
"Dizzy,Headache,Sinus pain",Bacterial gastroenteritis
"Dizzy,Headache,Sinus pain",Pericarditis
"Dizzy,Headache,Sinus pain",Asthma exacerbation
"Dizzy,Headache,Sinus pain",Benign paroxysmal positional vertigo
"Dizzy,Headache,Sinus pain",High blood pressure
"Dizzy,Headache,Sinus pain",Colon cancer
"Dizzy,Headache,Sinus pain",Severe allergic reaction
"Dizzy,Headache,Sinus pain",Severe hypoglycemia
"Dizzy,Headache,Sinus pain",Psoriatic arthritis
"Dizzy,Headache,Sinus pain",Hypotension
"Dizzy,Headache,Sinus pain",Common cold
"Dizzy,Headache,Sinus pain",Cerebellar stroke
"Dizzy,Headache,Sinus pain",Viral gastroenteritis
"Dizzy,Headache,Sinus pain",Acute bacterial sinusitis
"Dizzy,Headache,Sinus pain",Chronic sinusitis
"Dizzy,Headache,Sinus pain",Nasal polyps
"Dizzy,Headache,Sinus pain",Depression
"Dizzy,Headache,Sinus pain",Asthma
"Dizzy,Headache,Sinus pain",COVID-19
"Dizzy,Headache,Sinus pain",Tension-type headaches
"Dizzy,Headache,Sinus pain",Ulcerative colitis flare-up
"Dizzy,Headache,Sinus pain",Broken calf bones
"Dizzy,Headache,Sinus pain",Acute bronchitis
"Dizzy,Headache,Sinus pain",Food poisoning
"Dizzy,Headache,Sinus pain",Indigestion
"Dizzy,Headache,Sinus pain",Lactose intolerance
"Dizzy,Sinus pain",Major wound
"Dizzy,Sinus pain",Pulmonary edema
"Dizzy,Sinus pain",Irritable bowel syndrome
"Dizzy,Sinus pain",Ulcerative colitis flare-up
"Dizzy,Sinus pain",Indigestion
"Dizzy,Sinus pain",Pneumonia
"Dizzy,Sinus pain",Hay fever
"Dizzy,Sinus pain",Severe hypoglycemia
"Dizzy,Sinus pain",Dislocated elbow
"Dizzy,Sinus pain",High blood pressure
"Dizzy,Sinus pain",Bacterial gastroenteritis
"Dizzy,Sinus pain",Hypotension
"Dizzy,Sinus pain",Nasal polyps
"Dizzy,Sinus pain",Acute viral sinusitis
"Dizzy,Sinus pain",Pulmonary embolism
"Dizzy,Sinus pain",Subarachnoid intracranial hemorrhage
"Dizzy,Sinus pain",Teeth grinding
"Dizzy,Sinus pain",Migraine
"Dizzy,Sinus pain",Crohn's disease flare-up
"Dizzy,Sinus pain",Common cold
"Dizzy,Sinus pain",Splenic injury
"Dizzy,Sinus pain",Bacterial meningitis
"Dizzy,Sinus pain",Asthma exacerbation
"Dizzy,Sinus pain",Encephalitis
"Dizzy,Sinus pain",Whiplash injury
"Dizzy,Sinus pain",Viral gastroenteritis
"Dizzy,Sinus pain",Broken collarbone
"Dizzy,Sinus pain",Chronic obstructive pulmonary disease
"Dizzy,Sinus pain",Colon cancer
"Dizzy,Sinus pain",Benign paroxysmal positional vertigo
"Dizzy,Sinus pain",Chronic sinusitis
"Dizzy,Sinus pain",COVID-19
"Dizzy,Sinus pain",Heart attack
"Dizzy,Sinus pain",Gastritis
"Dizzy,Sinus pain",Severe allergic reaction
"Dizzy,Sinus pain",Heart valve disease
"Dizzy,Sinus pain",Reflex syncope
"Dizzy,Sinus pain",Dehydration
"Dizzy,Sinus pain",Antibiotic associated diarrhea
"Dizzy,Sinus pain,Headache",Chronic obstructive pulmonary disease exacerbation
"Dizzy,Sinus pain,Headache",Food poisoning
"Dizzy,Sinus pain,Headache",Physical injury of unknown location
"Dizzy,Sinus pain,Headache",Chronic sinusitis
"Dizzy,Sinus pain,Headache",Gastritis
"Dizzy,Sinus pain,Headache",Hay fever
"Dizzy,Sinus pain,Headache",Asthma exacerbation
"Dizzy,Sinus pain,Headache",Common cold
"Dizzy,Sinus pain,Headache",Acute viral sinusitis
"Dizzy,Sinus pain,Headache",Severe allergic reaction
"Dizzy,Sinus pain,Headache",Chronic obstructive pulmonary disease
"Dizzy,Sinus pain,Headache",Nasal polyps
"Dizzy,Sinus pain,Headache",Bacterial gastroenteritis
"Dizzy,Sinus pain,Headache",Acute streptococcal pharyngitis
"Dizzy,Sinus pain,Headache",COVID-19
"Dizzy,Sinus pain,Headache",Pulmonary tuberculosis
"Dizzy,Sinus pain,Headache",Acute bacterial sinusitis
"Dizzy,Sinus pain,Headache",High blood pressure
"Dizzy,Sinus pain,Headache",Pertussis
"Dizzy,Sinus pain,Headache",Ulcerative colitis flare-up
"Dizzy,Sinus pain,Headache",Pulmonary edema
"Dizzy,Sinus pain,Headache",Pneumonia
"Dizzy,Sinus pain,Headache",Post-COVID-19 syndrome
"Dizzy,Sinus pain,Headache",Electrical injury
"Dizzy,Sinus pain,Headache",Reflex syncope
"Dizzy,Sinus pain,Headache",Labour
"Dizzy,Sinus pain,Headache",Irritable bowel syndrome
"Dizzy,Sinus pain,Headache",Pulmonary embolism
"Dizzy,Sinus pain,Headache",Migraine
"Dizzy,Sinus pain,Headache",Asthma
"Dizzy,Sinus pain,Headache",Benign paroxysmal positional vertigo
"Dizzy,Sinus pain,Headache",Heart attack
"Dizzy,Sinus pain,Headache",Costochondritis
"Dizzy,Sinus pain,Headache",Chronic constipation
"Dizzy,Sinus pain,Headache",Pulmonary hypertension
"Dizzy,Sinus pain,Headache",Vertebrobasilar insufficiency
"Dizzy,Sinus pain,Headache",Splenic injury
"Dizzy,Sinus pain,Headache",Viral gastroenteritis
"Dizzy,Sinus pain,Headache",M ni re's disease
"Dizzy,Sinus pain,Headache",Crohn's disease flare-up
"Dizzy,Sinus pain,Headache",Lactose intolerance
"Dizzy,Sinus pain,Headache",Hypotension
"Dizzy,Sinus pain,Headache",Severe hypoglycemia
"Dizzy,Sinus pain,Headache",Indigestion
Excessive urination,COVID-19
Excessive urination,Major wound
Excessive urination,Iron deficiency anemia
Excessive urination,Ischemic stroke
Excessive urination,Electrical injury
Excessive urination,Penetrating stomach trauma
Excessive urination,Stable angina pectoris
Excessive urination,Depression
Excessive urination,Burn
Excessive urination,Heart attack
Excessive urination,Dehydration
Excessive urination,Toe dislocation
Excessive urination,Food poisoning
Excessive urination,Pertussis
Excessive urination,Broken pelvis
Excessive urination,Acute streptococcal pharyngitis
Excessive urination,Diabetes mellitus type 2
Excessive urination,Lactose intolerance
Excessive urination,Broken shoulder bone
Excessive urination,Acute HIV infection
Excessive urination,Severe hypoglycemia
Excessive urination,Acute viral pharyngitis
Excessive urination,Tension-type headaches
Excessive urination,Non-melanoma skin carcinoma
Excessive urination,Teeth grinding
Excessive urination,Cluster headaches
Excessive urination,Viral gastroenteritis
Excessive urination,Broken calf bones
Excessive urination,Morning sickness
Excessive urination,Diabetic kidney disease
Excessive urination,Broken collarbone
Excessive urination,Open-angle glaucoma
Excessive urination,Pulmonary embolism
Excessive urination,Splenic injury
Excessive urination,Bacterial meningitis
Excessive urination,Acute pancreatitis
Excessive urination,Hemorrhagic stroke
Excessive urination,Migraine
Excessive urination,Crohn's disease flare-up
Excessive urination,Bacterial gastroenteritis
Excessive urination,Hypertensive crisis
Excessive urination,Gastritis
Excessive urination,Hay fever
Excessive urination,Clostridium difficile-associated disease
Excessive urination,Pneumothorax
Excessive urination,Dry eye syndrome
Excessive urination,Colon cancer
Excessive urination,Broken skull
Excessive urination,Asthma exacerbation
Excessive urination,Ulcerative colitis flare-up
Excessive urination,Contact eczema
Excessive urination,Threatened miscarriage
Excessive urination,Broken forearm
Excessive urination,Common cold
Excessive urination,Familial nonhemolytic jaundice
Excessive urination,Pneumonia
Excessive urination,Intercostal neuralgia
Excessive urination,Erysipelas
Excessive urination,Chronic sinusitis
Excessive urination,Chronic obstructive pulmonary disease
Excessive urination,Costochondritis
Excessive urination,Travel sickness
Excessive urination,Inflammation of heart muscle
Excessive urination,Rheumatoid arthritis
Excessive urination,Asthma
Excessive urination,Benign paroxysmal positional vertigo
Excessive urination,Scratch of cornea
Excessive urination,Diabetic retinopathy
Excessive urination,Keratitis
Excessive urination,Indigestion
Excessive urination,Crohn's disease
Excessive urination,Reflex syncope
Excessive urination,Acute viral sinusitis
Feeling sick,Dehydration
Feeling sick,Dislocated ankle
Feeling sick,Pre-eclampsia
Feeling sick,Diabetic ketoacidosis
Feeling sick,Broken rib
Feeling sick,Degenerative disc disease of the lumbar and sacral spine
Feeling sick,Heavy metal poisoning
Feeling sick,Bursitis
Feeling sick,Common cold
Feeling sick,Uveitis
Feeling sick,Keratitis
Feeling sick,Mononucleosis
Feeling sick,Encephalitis
Feeling sick,Pyelonephritis
Feeling sick,Acute bacterial sinusitis
Feeling sick,Knee osteoarthritis
Feeling sick,Urge incontinence
Feeling sick,Ischemic stroke
Feeling sick,Celiac disease
Feeling sick,Indigestion
Feeling sick,Viral gastroenteritis
Feeling sick,Open-angle glaucoma
Feeling sick,Severe allergic reaction
Feeling sick,Bladder infection
Feeling sick,Costochondritis
Feeling sick,Pulmonary embolism
Feeling sick,Asthma exacerbation
Feeling sick,Bacterial gastroenteritis
Feeling sick,Ulcerative colitis flare-up
Feeling sick,Intercostal neuralgia
Feeling sick,General anxiety disorder
Feeling sick,Broken collarbone
Feeling sick,Bacterial meningitis
Feeling sick,Atypical pneumonia
Feeling sick,High blood pressure
Feeling sick,Gastritis
Feeling sick,Rheumatoid arthritis
Feeling sick,Nasal polyps
Feeling sick,Labour
Feeling sick,Sciatica
Feeling sick,Chronic obstructive pulmonary disease
Feeling sick,Vertebrobasilar insufficiency
Feeling sick,Chronic sinusitis
Feeling sick,Pulmonary tuberculosis
Feeling sick,Diabetic retinopathy
Feeling sick,Inflammation of heart muscle
Feeling sick,Intra-amniotic infection
Feeling sick,Depression
Feeling sick,Acute viral pharyngitis
Feeling sick,Lactose intolerance
Feeling sick,Physical injury of unknown location
Feeling sick,Temporomandibular joint disorders
Feeling sick,Tension-type headaches
Feeling sick,Broken hand bones
Feeling sick,Chest contusion
Feeling sick,Chronic constipation
Feeling sick,Shoulder impingement syndrome
Feeling sick,Teeth grinding
Feeling sick,Migraine
Feeling sick,Heart attack
Feeling sick,Pneumonia
Feeling sick,Pulmonary edema
Feeling sick,Colon cancer
Feeling sick,Acoustic neuroma
Feeling sick,Acute HIV infection
Feeling sick,Clostridium difficile-associated disease
Feeling sick,Pancreatic cancer
Feeling sick,Leptospirosis
Feeling sick,Benign prostatic hyperplasia
Feeling sick,Stable angina pectoris
Feeling sick,Food poisoning
Feeling sick,M ni re's disease
Feeling sick,Diabetes mellitus type 2
Feeling sick,Electrical injury
Feeling sick,Back strain
Feeling sick,Runner's knee
Feeling sick,COVID-19
Feeling sick,Erysipelas
Feeling sick,Multiple sclerosis
Feeling sick,Severe hypoglycemia
Feeling sick,Broken calf bones
Feeling sick,Hypertensive encephalopathy
Feeling sick,Irritable bowel syndrome
Feeling sick,Acute streptococcal pharyngitis
Feeling sick,Mild hypoglycemia
Feeling sick,Ankylosing spondylitis
Feeling sick,Premature separation of placenta
Feeling sick,Inflammation of the rectum
Feeling sick,Brain tumour
Feeling sick,Arrhythmia with slow heart rate
Feeling sick,Compression fracture of the spine
Feeling sick,Asthma
Feeling sick,Olecranon bursitis
Feeling sick,Acute viral sinusitis
Feeling sick,Familial nonhemolytic jaundice
"Fever,Chest Pain",Severe arrhythmia with fast heart rate
"Fever,Chest Pain",Secondary syphilis
"Fever,Chest Pain",Asthma
"Fever,Chest Pain",Pneumonia
"Fever,Chest Pain",Obstructive jaundice
"Fever,Chest Pain",Uveitis
"Fever,Chest Pain",Major wound
"Fever,Chest Pain",Heart attack
"Fever,Chest Pain",Ulcerative colitis flare-up
"Fever,Chest Pain",Pre-eclampsia
"Fever,Chest Pain",Acute streptococcal pharyngitis
"Fever,Chest Pain",Food poisoning
"Fever,Chest Pain",Crotch injury
"Fever,Chest Pain",Gastritis
"Fever,Chest Pain",Psoriatic arthritis
"Fever,Chest Pain",Corneal ulceration
"Fever,Chest Pain",Chronic obstructive pulmonary disease
"Fever,Chest Pain",Kidney stones
"Fever,Chest Pain",Amyloidosis
"Fever,Chest Pain",Indigestion
"Fever,Chest Pain",Knee osteoarthritis
"Fever,Chest Pain",Familial nonhemolytic jaundice
"Fever,Chest Pain",Migraine
"Fever,Chest Pain",Bacterial gastroenteritis
"Fever,Chest Pain",Asthma exacerbation
"Fever,Chest Pain",Intestinal obstruction
"Fever,Chest Pain",M ni re's disease
"Fever,Chest Pain",Depression
"Fever,Chest Pain",Lactose intolerance
"Fever,Chest Pain",Diabetic retinopathy
"Fever,Chest Pain",Acute viral sinusitis
"Fever,Chest Pain",Crohn's disease flare-up
"Fever,Chest Pain",Rheumatoid arthritis
"Fever,Chest Pain",Acute intestinal ischemia
"Fever,Chest Pain",Pulmonary edema
"Fever,Chest Pain",Electrical injury
"Fever,Chest Pain",Genital herpes
"Fever,Chest Pain",Common cold
"Fever,Chest Pain",Dry eye syndrome
"Fever,Chest Pain",Cluster headaches
"Fever,Chest Pain",Teeth grinding
"Fever,Chest Pain",Intercostal neuralgia
"Fever,Chest Pain",Physical injury of unknown location
"Fever,Chest Pain",Prostate cancer
"Fever,Chest Pain",Acute HIV infection
"Fever,Chest Pain",Labour
"Fever,Chest Pain",Dislocated elbow
"Fever,Chest Pain",Hepatitis C
"Fever,Chest Pain",Dengue
"Fever,Chest Pain",Burn
"Fever,Chest Pain",Irritable bowel syndrome
"Fever,Chest Pain",Antibiotic associated diarrhea
"Fever,Chest Pain",Diabetic ketoacidosis
"Fever,Chest Pain",Celiac disease
"Fever,Chest Pain",Compression fracture of the spine
"Fever,Chest Pain",Allergic conjunctivitis
"Fever,Chest Pain",Runner's knee
"Fever,Chest Pain",Pulmonary embolism
"Fever,Chest Pain",Alzheimer's disease
"Fever,Chest Pain",Acute viral pharyngitis
"Fever,Chest Pain",COVID-19
"Fever,Chest Pain",Neck strain
"Fever,Chest Pain",Contact eczema
"Fever,Chest Pain",Atypical pneumonia
"Fever,Chest Pain",Viral gastroenteritis
"Fever,Chest Pain",Dehydration
"Fever,Chest Pain",Leptospirosis
"Fever,Chest Pain",Chronic sinusitis
"Fever,Chest Pain",Shingles
"Fever,Chest Pain",Mononucleosis
"Fever,Chest Pain",General anxiety disorder
"Fever,Chest Pain",Sleep apnea
"Fever,Chest Pain",Degenerative disc disease of the lumbar and sacral spine
"Fever,Cough",Obstructive jaundice
"Fever,Cough",Dengue
"Fever,Cough",Acute streptococcal pharyngitis
"Fever,Cough",Burn
"Fever,Cough",Acute angle-closure glaucoma
"Fever,Cough",Bone infection
"Fever,Cough",Pulmonary tuberculosis
"Fever,Cough",Electrical injury
"Fever,Cough",General anxiety disorder
"Fever,Cough",Open-angle glaucoma
"Fever,Cough",Gastritis
"Fever,Cough",Ulcerative colitis flare-up
"Fever,Cough",Inflammation of the inner ear
"Fever,Cough",Temporomandibular joint disorders
"Fever,Cough",Leptospirosis
"Fever,Cough",Viral gastroenteritis
"Fever,Cough",Broken calf bones
"Fever,Cough",Clostridium difficile-associated disease
"Fever,Cough",Pneumonia
"Fever,Cough",Food poisoning
"Fever,Cough",Pulmonary hypertension
"Fever,Cough",Reflex syncope
"Fever,Cough",Pericarditis
"Fever,Cough",Common cold
"Fever,Cough",Crohn's disease flare-up
"Fever,Cough",Major wound
"Fever,Cough",Pneumocystis jirovecii pneumonia
"Fever,Cough",Heart attack
"Fever,Cough",Antibiotic associated diarrhea
"Fever,Cough",Indigestion
"Fever,Cough",Prostatitis
"Fever,Cough",Pulmonary edema
"Fever,Cough",Acute viral pharyngitis
"Fever,Cough",Hip bursitis
"Fever,Cough",Acute viral sinusitis
"Fever,Cough",Eczema
"Fever,Cough",Bacterial gastroenteritis
"Fever,Cough",Hand osteoarthritis
"Fever,Cough",Teeth grinding
"Fever,Cough",Hemorrhagic stroke
"Fever,Cough",Pulmonary embolism
"Fever,Cough",COVID-19
"Fever,Cough",Familial nonhemolytic jaundice
"Fever,Cough",Wound separation
"Fever,Cough",Bladder infection
"Fever,Cough",Psoriatic arthritis
"Fever,Cough",Multiple sclerosis
"Fever,Cough",Uveitis
"Fever,Cough",Peptic ulcer disease
"Fever,Cough",Cluster headaches
"Fever,Cough",Transient ischemic attack
"Fever,Cough",Stable angina pectoris
"Fever,Cough",Depression
"Fever,Cough",Severe allergic reaction
"Fever,Cough",Costochondritis
"Fever,Cough",Shoulder bursitis
"Fever,Cough",Sciatica
"Fever,Cough",Post-traumatic stress disorder
"Fever,Cough",Diabetes mellitus type 2
"Fever,Cough",Hay fever
"Fever,Cough",Kidney stones
"Fever,Cough",Runner's knee
"Fever,Cough",Chronic constipation
"Fever,Cough",Benign paroxysmal positional vertigo
"Fever,Cough",Giardiasis
"Fever,Cough",Hepatitis C
"Fever,Cough",Asthma exacerbation
"Fever,Cough",Ankylosing spondylitis
"Fever,Cough",Dry eye syndrome
"Fever,Cough",Chronic obstructive pulmonary disease exacerbation
"Fever,Cough",Irritable bowel syndrome
"Fever,Cough",Broken rib
"Fever,Cough",Premenstrual syndrome
"Fever,Cough",Migraine
"Fever,Cough",Diabetic retinopathy
"Fever,Cough",Asthma
"Fever,Cough",M ni re's disease
"Fever,Eye Pain",Gastritis
"Fever,Eye Pain",Ulcerative colitis flare-up
"Fever,Eye Pain",Pulmonary embolism
"Fever,Eye Pain",Acute angle-closure glaucoma
"Fever,Eye Pain",Benign paroxysmal positional vertigo
"Fever,Eye Pain",Rift Valley fever
"Fever,Eye Pain",Tension-type headaches
"Fever,Eye Pain",Cerebellar stroke
"Fever,Eye Pain",Food allergy
"Fever,Eye Pain",Subarachnoid intracranial hemorrhage
"Fever,Eye Pain",Back strain
"Fever,Eye Pain",Rheumatoid arthritis
"Fever,Eye Pain",Rocky Mountain spotted fever
"Fever,Eye Pain",Depression
"Fever,Eye Pain",Benign prostatic hyperplasia
"Fever,Eye Pain",Rosacea
"Fever,Eye Pain",Uveitis
"Fever,Eye Pain",Zika virus disease
"Fever,Eye Pain",Hip bursitis
"Fever,Eye Pain",Splenic injury
"Fever,Eye Pain",Costochondritis
"Fever,Eye Pain",Bacterial gastroenteritis
"Fever,Eye Pain",Lactose intolerance
"Fever,Eye Pain",Stable angina pectoris
"Fever,Eye Pain",Pancreatic cancer
"Fever,Eye Pain",Chronic constipation
"Fever,Eye Pain",Reactive arthritis
"Fever,Eye Pain",Dehydration
"Fever,Eye Pain",Degenerative disc disease of the cervical spine
"Fever,Eye Pain",Heart attack
"Fever,Eye Pain",Severe allergic reaction
"Fever,Eye Pain",Hepatitis A
"Fever,Eye Pain",Chronic sinusitis
"Fever,Eye Pain",Colitis ulcerosa
"Fever,Eye Pain",Transient ischemic attack
"Fever,Eye Pain",Migraine
"Fever,Eye Pain",Acute HIV infection
"Fever,Eye Pain",Arrhythmia with fast heart rate
"Fever,Eye Pain",Common cold
"Fever,Eye Pain",Familial nonhemolytic jaundice
"Fever,Eye Pain",Pulmonary edema
"Fever,Eye Pain",Chest contusion
"Fever,Eye Pain",Limb injury of unspecified location
"Fever,Eye Pain",Gastroesophageal reflux disease
"Fever,Eye Pain",COVID-19
"Fever,Eye Pain",Diabetes mellitus type 2
"Fever,Eye Pain",Mononucleosis
"Fever,Eye Pain",Acute streptococcal pharyngitis
"Fever,Eye Pain",Antibiotic associated diarrhea
"Fever,Eye Pain",Elbow contusion
"Fever,Eye Pain",Electrical injury
"Fever,Eye Pain",Viral meningitis
"Fever,Eye Pain",Pneumonia
"Fever,Eye Pain",Torsion of ovary
"Fever,Eye Pain",Encephalitis
"Fever,Eye Pain",Hemorrhagic stroke
"Fever,Eye Pain",Knee osteoarthritis
"Fever,Eye Pain",Severe hypoglycemia
"Fever,Eye Pain",Clostridium difficile-associated disease
"Fever,Eye Pain",Unstable angina pectoris
"Fever,Eye Pain",Travel sickness
"Fever,Eye Pain",Asthma exacerbation
"Fever,Eye Pain",Broken thigh bone
"Fever,Eye Pain",Teeth grinding
"Fever,Eye Pain",Guillain-Barr syndrome
"Fever,Eye Pain",Dislocated finger
"Fever,Eye Pain",Indigestion
"Fever,Eye Pain",Degenerative disc disease of the lumbar and sacral spine
"Fever,Eye Pain",Cardiac fainting
"Fever,Eye Pain",Viral gastroenteritis
"Fever,Eye Pain",Bladder infection
"Fever,Eye Pain",Labour
"Fever,Eye Pain",Urge incontinence
"Fever,Eye Pain",Crohn's disease flare-up
"Fever,Eye Pain",Acute viral sinusitis
"Fever,Eye Pain",Reflex syncope
"Fever,Eye Pain",Poor nutrition
"Fever,Eye Pain",Atrial fibrillation
"Fever,Eye Pain",Irritable bowel syndrome
"Fever,Eye Pain",Asthma
"Fever,Eye Pain",Intestinal obstruction
"Fever,Eye Pain",Fungal skin infection
"Fever,Eye Pain",Cluster headaches
"Fever,Eye Pain",Cauda equina syndrome
"Fever,Eye Pain",Prerenal acute renal failure
"Fever,Headache",Inflammation of the inner ear
"Fever,Headache",Bacterial gastroenteritis
"Fever,Headache",Alzheimer's disease
"Fever,Headache",Dengue
"Fever,Headache",Trochlear nerve palsy
"Fever,Headache",Limb injury of unspecified location
"Fever,Headache",Subarachnoid intracranial hemorrhage
"Fever,Headache",Pulmonary embolism
"Fever,Headache",Costochondritis
"Fever,Headache",Biventricular heart failure
"Fever,Headache",Pulmonary tuberculosis
"Fever,Headache",Viral gastroenteritis
"Fever,Headache",Baker's cyst of knee
"Fever,Headache",Pneumonia
"Fever,Headache",Open-angle glaucoma
"Fever,Headache",Migraine
"Fever,Headache",Clostridium difficile-associated disease
"Fever,Headache",Hypopituitarism
"Fever,Headache",Mild hypoglycemia
"Fever,Headache",Perimenopause
"Fever,Headache",Familial nonhemolytic jaundice
"Fever,Headache",M ni re's disease
"Fever,Headache",Acute viral pharyngitis
"Fever,Headache",Transient ischemic attack
"Fever,Headache",Hay fever
"Fever,Headache",Gastritis
"Fever,Headache",Food poisoning
"Fever,Headache",Psoriatic arthritis
"Fever,Headache",Lipoma
"Fever,Headache",Hemorrhagic stroke
"Fever,Headache",Giardiasis
"Fever,Headache",Leptospirosis
"Fever,Headache",Acute viral sinusitis
"Fever,Headache",Gastroesophageal reflux disease
"Fever,Headache",Lactose intolerance
"Fever,Headache",Malaria
"Fever,Headache",Dehydration
"Fever,Headache",Inflammation of heart muscle
"Fever,Headache",Neck strain
"Fever,Headache",Bladder infection
"Fever,Headache",Vertebrobasilar insufficiency
"Fever,Headache",Teeth grinding
"Fever,Headache",Tension-type headaches
"Fever,Headache",Antibiotic associated diarrhea
"Fever,Headache",Chronic obstructive pulmonary disease
"Fever,Headache",Hepatitis C
"Fever,Headache",Acute streptococcal pharyngitis
"Fever,Headache",Diabetic ketoacidosis
"Fever,Headache",Mononucleosis
"Fever,Headache",Leg bruise
"Fever,Headache",Wound separation
"Fever,Headache",Indigestion
"Fever,Headache",Runner's knee
"Fever,Headache",Bacterial meningitis
"Fever,Headache",Severe allergic reaction
"Fever,Headache",Colon cancer
"Fever,Headache",Common cold
"Fever,Headache",Chronic sinusitis
"Fever,Headache",Prostatitis
"Fever,Headache",Chickenpox
"Fever,Headache",Minor wound
"Fever,Headache",Right-sided heart failure
"Fever,Headache",Rheumatoid arthritis
"Fever,Headache",Sciatica
"Fever,Headache",Keratitis
"Fever,Headache",Labour
"Fever,Headache",Temporomandibular joint disorders
"Fever,Headache",Benign prostatic hyperplasia
"Fever,Headache",Cardiac tamponade
"Fever,Headache",Crohn's disease flare-up
"Fever,Headache",Dislocated elbow
"Fever,Headache",Agoraphobia
"Fever,Headache",Knee osteoarthritis
"Fever,Headache",Hand osteoarthritis
"Fever,Headache",Epicondylitis
"Fever,Headache",COVID-19
"Fever,Headache",Quinsy
"Fever,Headache",Chronic intestinal ischemia
"Fever,Headache",Celiac disease
"Fever,Headache",Diabetic kidney disease
"Fever,Headache",Benign paroxysmal positional vertigo
"Fever,Headache",Blunt stomach trauma
"Fever,Headache",Stable angina pectoris
"Fever,Headache",Irritable bowel syndrome
"Fever,Headache",Severe hypoglycemia
"Fever,Headache",Travel sickness
"Fever,Headache",Diabetes mellitus type 2
"Fever,Headache",Brain abscess
"Fever,Headache",Heart attack
"Fever,Headache",Back strain
"Fever,Headache",Acute HIV infection
"Fever,Headache",Depression
"Fever,Headache",Degenerative disc disease of the lumbar and sacral spine
"Fever,Loss of Appetite",Bacterial meningitis
"Fever,Loss of Appetite",Severe allergic reaction
"Fever,Loss of Appetite",Teeth grinding
"Fever,Loss of Appetite",Acute bacterial sinusitis
"Fever,Loss of Appetite",Familial nonhemolytic jaundice
"Fever,Loss of Appetite",Toe dislocation
"Fever,Loss of Appetite",Bacterial gastroenteritis
"Fever,Loss of Appetite",Typhoid fever
"Fever,Loss of Appetite",Stable angina pectoris
"Fever,Loss of Appetite",Depression
"Fever,Loss of Appetite",Chronic obstructive pulmonary disease exacerbation
"Fever,Loss of Appetite",Irritable bowel syndrome
"Fever,Loss of Appetite",Pulmonary edema
"Fever,Loss of Appetite",Inflammation of heart muscle
"Fever,Loss of Appetite",Pneumothorax
"Fever,Loss of Appetite",Nocturnal leg cramps
"Fever,Loss of Appetite",Cauda equina syndrome
"Fever,Loss of Appetite",COVID-19
"Fever,Loss of Appetite",Colitis ulcerosa
"Fever,Loss of Appetite",Pink eye
"Fever,Loss of Appetite",Broken rib
"Fever,Loss of Appetite",Transient ischemic attack
"Fever,Loss of Appetite",Migraine
"Fever,Loss of Appetite",Iron deficiency anemia
"Fever,Loss of Appetite",Viral gastroenteritis
"Fever,Loss of Appetite",Neck strain
"Fever,Loss of Appetite",Asthma
"Fever,Loss of Appetite",Rheumatoid arthritis
"Fever,Loss of Appetite",Eye injury
"Fever,Loss of Appetite",Diabetic retinopathy
"Fever,Loss of Appetite",Sleep apnea
"Fever,Loss of Appetite",Dental cavities
"Fever,Loss of Appetite",Temporomandibular joint disorders
"Fever,Loss of Appetite",Acute viral sinusitis
"Fever,Loss of Appetite",Antibiotic associated diarrhea
"Fever,Loss of Appetite",Heart attack
"Fever,Loss of Appetite",Cluster headaches
"Fever,Loss of Appetite",Costochondritis
"Fever,Loss of Appetite",Dehydration
"Fever,Loss of Appetite",Crohn's disease flare-up
"Fever,Loss of Appetite",Nasal polyps
"Fever,Loss of Appetite",Atypical pneumonia
"Fever,Loss of Appetite",Pulmonary embolism
"Fever,Loss of Appetite",Cushing's syndrome
"Fever,Loss of Appetite",Dengue
"Fever,Loss of Appetite",High blood pressure
"Fever,Loss of Appetite",Premenstrual syndrome
"Fever,Loss of Appetite",Benign prostatic hyperplasia
"Fever,Loss of Appetite",Prinzmetal's angina
"Fever,Loss of Appetite",Pre-eclampsia
"Fever,Loss of Appetite",Chronic sinusitis
"Fever,Loss of Appetite",Hepatitis C
"Fever,Loss of Appetite",Right-sided heart failure
"Fever,Loss of Appetite",Hypertensive encephalopathy
"Fever,Loss of Appetite",Common cold
"Fever,Loss of Appetite",Chronic obstructive pulmonary disease
"Fever,Loss of Appetite",Hay fever
"Fever,Loss of Appetite",Asthma exacerbation
"Fever,Loss of Appetite",Gastritis
"Fever,Loss of Appetite",Clostridium difficile-associated disease
"Fever,Loss of Appetite",Gout
"Fever,Loss of Appetite",Whiplash injury
"Fever,Loss of Appetite",Intra-amniotic infection
"Fever,Loss of Appetite",Middle ear infection
"Fever,Loss of Appetite",Neck fracture
"Fever,Loss of Appetite",Degenerative arthritis of the spine
"Fever,Loss of Appetite",Reflex syncope
"Fever,Loss of Appetite",Acute streptococcal pharyngitis
"Fever,Loss of Appetite",Pneumonia
"Fever,Loss of Appetite",Knee osteoarthritis
"Fever,Loss of Appetite",Diabetes mellitus type 2
"Fever,Loss of Appetite",Ulcerative colitis flare-up
"Fever,Loss of Appetite",AIDS
"Fever,Loss of Appetite",Abdominal aortic aneurysm
"Fever,Loss of Appetite",Age-related hearing loss
"Fever,Loss of Appetite",Acute bronchitis
"Fever,Loss of Appetite",Benign paroxysmal positional vertigo
"Fever,Loss of Appetite",Major wound
"Fever,Loss of Appetite",Tension-type headaches
"Fever,Loss of head Support",Severe arrhythmia with slow heart rate
"Fever,Loss of head Support",Bladder infection
"Fever,Loss of head Support",Pulmonary tuberculosis
"Fever,Loss of head Support",Pulmonary embolism
"Fever,Loss of head Support",Celiac disease
"Fever,Loss of head Support",Teeth grinding
"Fever,Loss of head Support",Eye injury
"Fever,Loss of head Support",Pericarditis
"Fever,Loss of head Support",COVID-19
"Fever,Loss of head Support",Acute streptococcal pharyngitis
"Fever,Loss of head Support",Chronic obstructive pulmonary disease
"Fever,Loss of head Support",Antibiotic associated diarrhea
"Fever,Loss of head Support",Costochondritis
"Fever,Loss of head Support",Mild hypoglycemia
"Fever,Loss of head Support",Ulcerative colitis flare-up
"Fever,Loss of head Support",Uterine fibroids
"Fever,Loss of head Support",Irritable bowel syndrome
"Fever,Loss of head Support",Heart attack
"Fever,Loss of head Support",Morning sickness
"Fever,Loss of head Support",Runner's knee
"Fever,Loss of head Support",Diabetes mellitus type 2
"Fever,Loss of head Support",Benign paroxysmal positional vertigo
"Fever,Loss of head Support",Shoulder bursitis
"Fever,Loss of head Support",Colon cancer
"Fever,Loss of head Support",Psoriatic arthritis
"Fever,Loss of head Support",Temporomandibular joint disorders
"Fever,Loss of head Support",Electrical injury
"Fever,Loss of head Support",Wound separation
"Fever,Loss of head Support",Threatened miscarriage
"Fever,Loss of head Support",Pyelonephritis
"Fever,Loss of head Support",Appendicitis
"Fever,Loss of head Support",General anxiety disorder
"Fever,Loss of head Support",Burn
"Fever,Loss of head Support",Concussion
"Fever,Loss of head Support",Gastritis
"Fever,Loss of head Support",Broken collarbone
"Fever,Loss of head Support",Acute viral sinusitis
"Fever,Loss of head Support",Crohn's disease flare-up
"Fever,Loss of head Support",Pulmonary edema
"Fever,Loss of head Support",Ischemic stroke
"Fever,Loss of head Support",Tension-type headaches
"Fever,Loss of head Support",Pneumonia
"Fever,Loss of head Support",Degenerative disc disease of the lumbar and sacral spine
"Fever,Loss of head Support",Migraine
"Fever,Loss of head Support",Chronic constipation
"Fever,Loss of head Support",Asthma exacerbation
"Fever,Loss of head Support",Acute heart failure
"Fever,Loss of head Support",Pink eye
"Fever,Loss of head Support",Sciatica
"Fever,Loss of head Support",Mononucleosis
"Fever,Loss of head Support",Leptospirosis
"Fever,Loss of head Support",Depression
"Fever,Loss of head Support",Severe allergic reaction
"Fever,Loss of head Support",Familial nonhemolytic jaundice
"Fever,Loss of head Support",Major wound
"Fever,Loss of head Support",Diabetic retinopathy
"Fever,Loss of head Support",Atypical pneumonia
"Fever,Loss of head Support",Common cold
"Fever,Loss of head Support",Epilepsy with loss of consciousness
"Fever,Loss of head Support",Age-related hearing loss
"Fever,Loss of head Support",Severe hypoglycemia
"Fever,Loss of head Support",Uveitis
"Fever,Loss of head Support",Stable angina pectoris
"Fever,Loss of head Support",Degenerative disc disease of the thoracic spine
"Fever,Loss of head Support",Bacterial gastroenteritis
"Fever,Loss of head Support",High blood pressure
"Fever,Loss of head Support",Hepatitis B
"Fever,Loss of head Support",Chronic sinusitis
"Fever,Loss of head Support",Specific phobia
"Fever,Loss of head Support",Torsion of ovary
"Fever,Loss of head Support",Gastroesophageal reflux disease
"Fever,Loss of head Support",Viral gastroenteritis
"Fever,Loss of head Support",Warts
"Fever,Loss of head Support",Obstructive jaundice
"Fever,Loss of head Support",Neck fracture
"Fever,Loss of head Support",Urge incontinence
"Fever,Loss of head Support",Keratitis
"Fever,Loss of head Support",Indigestion
"Fever,Muscle Pain",Back strain
"Fever,Muscle Pain",Middle ear infection
"Fever,Muscle Pain",Irritable bowel syndrome
"Fever,Muscle Pain",Knee osteoarthritis
"Fever,Muscle Pain",Pyelonephritis
"Fever,Muscle Pain",Heart attack
"Fever,Muscle Pain",Asthma
"Fever,Muscle Pain",Infectious arthritis
"Fever,Muscle Pain",Crohn's disease flare-up
"Fever,Muscle Pain",Acute HIV infection
"Fever,Muscle Pain",General anxiety disorder
"Fever,Muscle Pain",Bone infection
"Fever,Muscle Pain",Stable angina pectoris
"Fever,Muscle Pain",Ankylosing spondylitis
"Fever,Muscle Pain",Epilepsy with loss of consciousness
"Fever,Muscle Pain",Familial nonhemolytic jaundice
"Fever,Muscle Pain",Progressive muscle weakness
"Fever,Muscle Pain",Bacterial gastroenteritis
"Fever,Muscle Pain",Teeth grinding
"Fever,Muscle Pain",Lactose intolerance
"Fever,Muscle Pain",Psoriatic arthritis
"Fever,Muscle Pain",Antibiotic associated diarrhea
"Fever,Muscle Pain",Dehydration
"Fever,Muscle Pain",M ni re's disease
"Fever,Muscle Pain",Post-COVID-19 syndrome
"Fever,Muscle Pain",Prerenal acute renal failure
"Fever,Muscle Pain",Uterine fibroids
"Fever,Muscle Pain",Increased intracranial pressure
"Fever,Muscle Pain",Diabetes mellitus type 2
"Fever,Muscle Pain",Food allergy
"Fever,Muscle Pain",Pulmonary edema
"Fever,Muscle Pain",Hypertensive encephalopathy
"Fever,Muscle Pain",Broken collarbone
"Fever,Muscle Pain",Ischemic stroke
"Fever,Muscle Pain",Broken forearm
"Fever,Muscle Pain",Acute bacterial sinusitis
"Fever,Muscle Pain",Hemorrhagic stroke
"Fever,Muscle Pain",Pneumonia
"Fever,Muscle Pain",High blood pressure
"Fever,Muscle Pain",Inflammation of the gallbladder
"Fever,Muscle Pain",Ulcerative colitis flare-up
"Fever,Muscle Pain",Tension-type headaches
"Fever,Muscle Pain",Asthma exacerbation
"Fever,Muscle Pain",Sciatica
"Fever,Muscle Pain",Severe allergic reaction
"Fever,Muscle Pain",Acute viral sinusitis
"Fever,Muscle Pain",Mild hypoglycemia
"Fever,Muscle Pain",Chronic sinusitis
"Fever,Muscle Pain",COVID-19
"Fever,Muscle Pain",Hepatitis B
"Fever,Muscle Pain",Quinsy
"Fever,Muscle Pain",Benign prostatic hyperplasia
"Fever,Muscle Pain",Viral gastroenteritis
"Fever,Muscle Pain",Diabetic kidney disease
"Fever,Muscle Pain",Mononucleosis
"Fever,Muscle Pain",Reflex syncope
"Fever,Muscle Pain",Acute streptococcal pharyngitis
"Fever,Muscle Pain",Insecticide poisoning
"Fever,Muscle Pain",Cluster headaches
"Fever,Muscle Pain",Subarachnoid intracranial hemorrhage
"Fever,Muscle Pain",Torsion of ovary
"Fever,Muscle Pain",Kidney stones
"Fever,Muscle Pain",Hepatitis A
"Fever,Muscle Pain",Common cold
"Fever,Muscle Pain",Indigestion
"Fever,Muscle Pain",Corneal ulceration
"Fever,Muscle Pain",Gastritis
"Fever,Muscle Pain",Labour
"Fever,Muscle Pain",Benign paroxysmal positional vertigo
"Fever,Muscle Pain",Rift Valley fever
"Fever,Muscle Pain",Broken hand bones
"Fever,Muscle Pain",Hip bursitis
"Fever,Muscle Pain",Pulmonary embolism
"Fever,Muscle Pain",Runner's knee
"Fever,Muscle Pain",Migraine
"Fever,Muscle Pain",Chronic obstructive pulmonary disease
"Fever,Muscle Pain",Temporomandibular joint disorders
"Fever,Muscle Pain",Acute bronchitis
"Fever,Muscle Pain",Chronic fatigue syndrome
"Fever,Muscle Pain",Prostatitis
"Fever,Muscle Pain",Dengue
"Fever,Muscle Pain",Degenerative arthritis of the spine
"Fever,Muscle Pain",Pulmonary tuberculosis
"Fever,Sore Throat",Penetrating stomach trauma
"Fever,Sore Throat",Crohn's disease flare-up
"Fever,Sore Throat",Major wound
"Fever,Sore Throat",Inflammation of heart muscle
"Fever,Sore Throat",Tension-type headaches
"Fever,Sore Throat",Knee osteoarthritis
"Fever,Sore Throat",Reactive arthritis
"Fever,Sore Throat",Diabetic retinopathy
"Fever,Sore Throat",Typhoid fever
"Fever,Sore Throat",High blood pressure
"Fever,Sore Throat",Diabetes mellitus type 2
"Fever,Sore Throat",Chronic obstructive pulmonary disease
"Fever,Sore Throat",Acute bronchitis
"Fever,Sore Throat",Depression
"Fever,Sore Throat",COVID-19
"Fever,Sore Throat",Sciatica
"Fever,Sore Throat",Degenerative arthritis of the spine
"Fever,Sore Throat",Degenerative disc disease of the lumbar and sacral spine
"Fever,Sore Throat",Asthma
"Fever,Sore Throat",Chronic obstructive pulmonary disease exacerbation
"Fever,Sore Throat",Age-related hearing loss
"Fever,Sore Throat",Menopause
"Fever,Sore Throat",Psoriatic arthritis
"Fever,Sore Throat",Sudden idiopathic hearing loss
"Fever,Sore Throat",Mild hypoglycemia
"Fever,Sore Throat",Unspecific cough
"Fever,Sore Throat",Limb injury of unspecified location
"Fever,Sore Throat",Chronic kidney disease
"Fever,Sore Throat",Acute viral sinusitis
"Fever,Sore Throat",M ni re's disease
"Fever,Sore Throat",Medulloblastoma
"Fever,Sore Throat",Biventricular heart failure
"Fever,Sore Throat",Gastroesophageal reflux disease
"Fever,Sore Throat",Acute streptococcal pharyngitis
"Fever,Sore Throat",Pulmonary tuberculosis
"Fever,Sore Throat",Irritable bowel syndrome
"Fever,Sore Throat",Bacterial gastroenteritis
"Fever,Sore Throat",Electrical injury
"Fever,Sore Throat",Food poisoning
"Fever,Sore Throat",Pneumonia
"Fever,Sore Throat",Common cold
"Fever,Sore Throat",Broken collarbone
"Fever,Sore Throat",Hyperemesis gravidarum
"Fever,Sore Throat",Chronic sinusitis
"Fever,Sore Throat",Teeth grinding
"Fever,Sore Throat",Infectious arthritis
"Fever,Sore Throat",Ulcerative colitis flare-up
"Fever,Sore Throat",Benign paroxysmal positional vertigo
"Fever,Sore Throat",Bacterial meningitis
"Fever,Sore Throat",Pneumothorax
"Fever,Sore Throat",Ischemic stroke
"Fever,Sore Throat",Heart attack
"Fever,Sore Throat",Hay fever
"Fever,Sore Throat",Pulmonary embolism
"Fever,Sore Throat",Familial nonhemolytic jaundice
"Fever,Sore Throat",Migraine
"Fever,Sore Throat",Asthma exacerbation
"Fever,Sore Throat",Uveitis
"Fever,Sore Throat",Severe hypoglycemia
"Fever,Sore Throat",Gastritis
"Fever,Sore Throat",Diabetic ketoacidosis
"Fever,Sore Throat",Cold sore
"Fever,Sore Throat",Multiple sclerosis
"Fever,Sore Throat",Colon cancer
"Fever,Sore Throat",Severe allergic reaction
"Fever,Sore Throat",Antibiotic associated diarrhea
"Fever,Sore Throat",Burn
"Fever,Sore Throat",Gout
"Fever,Sore Throat",Subarachnoid intracranial hemorrhage
"Fever,Sore Throat",Hepatitis C
"Fever,Sore Throat",Acute HIV infection
"Fever,Sore Throat",Viral gastroenteritis
"Fever,Vomitting",Rosacea
"Fever,Vomitting",Quinsy
"Fever,Vomitting",Ulcerative colitis flare-up
"Fever,Vomitting",Dislocated elbow
"Fever,Vomitting",Acute streptococcal pharyngitis
"Fever,Vomitting",Pneumothorax
"Fever,Vomitting",Sciatica
"Fever,Vomitting",Alcohol poisoning
"Fever,Vomitting",Chronic obstructive pulmonary disease
"Fever,Vomitting",Severe allergic reaction
"Fever,Vomitting",Gastritis
"Fever,Vomitting",Peritonitis
"Fever,Vomitting",Pertussis
"Fever,Vomitting",Dry eye syndrome
"Fever,Vomitting",Costochondritis
"Fever,Vomitting",Addison's disease
"Fever,Vomitting",Respiratory diphtheria
"Fever,Vomitting",Infective endocarditis
"Fever,Vomitting",Benign prostatic hyperplasia
"Fever,Vomitting",Open-angle glaucoma
"Fever,Vomitting",Electrical injury
"Fever,Vomitting",Rheumatoid arthritis
"Fever,Vomitting",Chronic constipation
"Fever,Vomitting",Broken collarbone
"Fever,Vomitting",Stable angina pectoris
"Fever,Vomitting",Bacterial gastroenteritis
"Fever,Vomitting",Crohn's disease flare-up
"Fever,Vomitting",Severe arrhythmia with fast heart rate
"Fever,Vomitting",General anxiety disorder
"Fever,Vomitting",Hay fever
"Fever,Vomitting",Acute viral sinusitis
"Fever,Vomitting",Pericarditis
"Fever,Vomitting",Mild hypoglycemia
"Fever,Vomitting",Torsion of ovary
"Fever,Vomitting",Atypical pneumonia
"Fever,Vomitting",Temporomandibular joint disorders
"Fever,Vomitting",Nasal polyps
"Fever,Vomitting",Burn
"Fever,Vomitting",Hip bursitis
"Fever,Vomitting",Asthma
"Fever,Vomitting",Broken calf bones
"Fever,Vomitting",Runner's knee
"Fever,Vomitting",Acute viral pharyngitis
"Fever,Vomitting",Pulmonary embolism
"Fever,Vomitting",Psoriatic arthritis
"Fever,Vomitting",Hemolytic anemia
"Fever,Vomitting",Familial nonhemolytic jaundice
"Fever,Vomitting",Brain tumour
"Fever,Vomitting",Intercostal neuralgia
"Fever,Vomitting",Acute laryngitis
"Fever,Vomitting",Diabetic kidney disease
"Fever,Vomitting",Diabetes mellitus type 2
"Fever,Vomitting",Common cold
"Fever,Vomitting",Heart attack
"Fever,Vomitting",Bone infection
"Fever,Vomitting",Hepatitis C
"Fever,Vomitting",Degenerative arthritis of the spine
"Fever,Vomitting",Malaria
"Fever,Vomitting",Reflex syncope
"Fever,Vomitting",Scratch of cornea
"Fever,Vomitting",COVID-19
"Fever,Vomitting",Prostatitis
"Fever,Vomitting",Brain abscess
"Fever,Vomitting",Bladder infection
"Fever,Vomitting",Threatened miscarriage
"Fever,Vomitting",Cardiac tamponade
"Fever,Vomitting",Acute HIV infection
"Fever,Vomitting",Colon cancer
"Fever,Vomitting",Teeth grinding
"Fever,Vomitting",Pneumonia
"Fever,Vomitting",Chronic sinusitis
"Fever,Vomitting",Migraine
"Fever,Vomitting",Irritable bowel syndrome
"Fever,Vomitting",Viral gastroenteritis
"Fever,Vomitting",Diabetic retinopathy
"Fever,Vomitting",Broken thoracic spine
"Fever,Vomitting",Dehydration
"Fever,Vomitting",Uveitis
"Fever,Vomitting",Pneumocystis jirovecii pneumonia
Frequent micturition,Degenerative disc disease of the lumbar and sacral spine
Frequent micturition,Eye injury
Frequent micturition,Clostridium difficile-associated disease
Frequent micturition,Infective endocarditis
Frequent micturition,Uveitis
Frequent micturition,Dislocated ankle
Frequent micturition,Kidney stones
Frequent micturition,Lactose intolerance
Frequent micturition,Asthma exacerbation
Frequent micturition,Rheumatoid arthritis
Frequent micturition,Broken lumbar spine
Frequent micturition,Anorexia nervosa
Frequent micturition,Runner's knee
Frequent micturition,Pneumocystis jirovecii pneumonia
Frequent micturition,Pyelonephritis
Frequent micturition,Benign paroxysmal positional vertigo
Frequent micturition,Acute streptococcal pharyngitis
Frequent micturition,Chronic sinusitis
Frequent micturition,Diabetic retinopathy
Frequent micturition,Major wound
Frequent micturition,Vertebrobasilar insufficiency
Frequent micturition,Irritable bowel syndrome
Frequent micturition,Diabetic ketoacidosis
Frequent micturition,Fatigue
Frequent micturition,Complication of ovarian cyst
Frequent micturition,Reflex syncope
Frequent micturition,Scratch of cornea
Frequent micturition,Viral gastroenteritis
Frequent micturition,Acute HIV infection
Frequent micturition,COVID-19
Frequent micturition,Ulcerative colitis flare-up
Frequent micturition,Small intestinal bacterial overgrowth
Frequent micturition,Gastritis
Frequent micturition,Acute viral sinusitis
Frequent micturition,Common cold
Frequent micturition,Teeth grinding
Frequent micturition,Bladder infection
Frequent micturition,Dehydration
Frequent micturition,Familial nonhemolytic jaundice
Frequent micturition,Poor nutrition
Frequent micturition,Inflammation of heart muscle
Frequent micturition,Acute bronchitis
Frequent micturition,Knee bursitis
Frequent micturition,Pulmonary embolism
Frequent micturition,Diabetes insipidus
Frequent micturition,Post-traumatic stress disorder
Frequent micturition,Colitis ulcerosa
Frequent micturition,Pulmonary edema
Frequent micturition,Broken rib
Frequent micturition,Heart attack
Frequent micturition,Pneumonia
Frequent micturition,Obstructive jaundice
Frequent micturition,Tension-type headaches
Frequent micturition,Dengue
Frequent micturition,Broken thoracic spine
Frequent micturition,Crohn's disease flare-up
Frequent micturition,Burn
Frequent micturition,Severe hypoglycemia
Frequent micturition,Knee osteoarthritis
Frequent micturition,Multiple sclerosis
Frequent micturition,Broken calf bones
Frequent micturition,Pericarditis
Frequent micturition,Cluster headaches
Frequent micturition,Asthma
Frequent micturition,Mild hypoglycemia
Frequent micturition,Severe allergic reaction
Frequent micturition,Infected wound
Frequent micturition,Atypical pneumonia
Frequent micturition,Hay fever
Frequent micturition,Bacterial gastroenteritis
Frequent micturition,Post-COVID-19 syndrome
Frequent micturition,Colon cancer
Frequent micturition,Concussion
Frequent micturition,Migraine
Frequent micturition,Antibiotic associated diarrhea
Frequent micturition,Middle ear infection
Gassiness,Viral gastroenteritis
Gassiness,Temporomandibular joint disorders
Gassiness,Migraine
Gassiness,Diabetic ketoacidosis
Gassiness,Broken shoulder bone
Gassiness,Corneal ulceration
Gassiness,Medulloblastoma
Gassiness,Common cold
Gassiness,Stable angina pectoris
Gassiness,Uveitis
Gassiness,Contact eczema
Gassiness,Asthma
Gassiness,Brain tumour
Gassiness,Cholestasis
Gassiness,Asthma exacerbation
Gassiness,Pneumonia
Gassiness,High blood pressure
Gassiness,Broken collarbone
Gassiness,Hypertensive crisis
Gassiness,Abdominal aortic aneurysm
Gassiness,Acute viral sinusitis
Gassiness,Minor wound
Gassiness,Labour
Gassiness,Epilepsy with loss of consciousness
Gassiness,Major wound
Gassiness,Pulmonary embolism
Gassiness,Food poisoning
Gassiness,Lactose intolerance
Gassiness,Eye injury
Gassiness,Epicondylitis
Gassiness,Teeth grinding
Gassiness,Sciatica
Gassiness,Hand osteoarthritis
Gassiness,Depression
Gassiness,Trochlear nerve palsy
Gassiness,Gastritis
Gassiness,Diabetes mellitus type 2
Gassiness,Benign prostatic hyperplasia
Gassiness,Familial nonhemolytic jaundice
Gassiness,Degenerative disc disease of the lumbar and sacral spine
Gassiness,Obstructive jaundice
Gassiness,Wound separation
Gassiness,COVID-19
Gassiness,Dengue
Gassiness,Diabetic retinopathy
Gassiness,Hay fever
Gassiness,Pericarditis
Gassiness,Pulmonary edema
Gassiness,Mononucleosis
Gassiness,Degenerative arthritis of the spine
Gassiness,Acute viral pharyngitis
Gassiness,Crohn's disease flare-up
Gassiness,Keratitis
Gassiness,Pyelonephritis
Gassiness,Bladder infection
Gassiness,Cerebellar stroke
Gassiness,Hemorrhagic stroke
Gassiness,Polyarteritis nodosa
Gassiness,Chronic obstructive pulmonary disease
Gassiness,Heart attack
Gassiness,Bacterial gastroenteritis
Gassiness,Rheumatoid arthritis
Gassiness,Acute streptococcal pharyngitis
Gassiness,Pulmonary hypertension
Gassiness,Colitis ulcerosa
Gassiness,Antibiotic associated diarrhea
Gassiness,Alzheimer's disease
Gassiness,Pink eye
Gassiness,Psoriatic arthritis
Gassiness,Dehydration
Gassiness,Nosebleed
Gassiness,Costochondritis
Gassiness,Ulcerative colitis flare-up
Gassiness,Chronic hives
Gassiness,Chronic sinusitis
Gassiness,Middle ear infection
Gassiness,Erythema nodosum
Gassiness,Dislocated elbow
Gassiness,Runner's knee
Gassiness,Tension-type headaches
Gassiness,Erysipelas
Headache,Pulmonary embolism
Headache,Pneumonia
Headache,Amebiasis
Headache,Atrial fibrillation
Headache,Ulcerative colitis flare-up
Headache,Acute streptococcal pharyngitis
Headache,Pulmonary tuberculosis
Headache,Chronic sinusitis
